Date,Jodi,Session
2022-08-01,56,Night
2022-08-01,67,Day
2022-08-02,25,Day
2022-08-02,47,Night
2022-08-02,73,Morning
2022-08-03,89,Morning
2022-08-03,99,Day
2022-08-03,29,Night
2022-08-04,31,Morning
2022-08-04,51,Day
2022-08-04,95,Night
2022-08-05,42,Morning
2022-08-05,88,Night
2022-08-05,92,Day
2022-08-06,12,Night
2022-08-06,37,Day
2022-08-06,6,Morning
2022-08-07,65,Night
2022-08-07,13,Day
2022-08-07,23,Morning
2022-08-08,71,Night
2022-08-08,28,Morning
2022-08-08,45,Day
2022-08-09,81,Morning
2022-08-09,16,Day
2022-08-09,46,Night
2022-08-10,59,Day
2022-08-10,54,Morning
2022-08-10,2,Night
2022-08-11,31,Day
2022-08-11,63,Night
2022-08-11,94,Morning
2022-08-12,40,Day
2022-08-12,15,Night
2022-08-12,68,Morning
2022-08-13,80,Day
2022-08-13,38,Night
2022-08-13,79,Morning
2022-08-14,15,Morning
2022-08-14,69,Day
2022-08-14,24,Night
2022-08-15,**,Day
2022-08-15,**,Night
2022-08-15,**,Morning
2022-08-16,55,Night
2022-08-16,32,Day
2022-08-16,70,Morning
2022-08-17,21,Morning
2022-08-17,76,Night
2022-08-17,9,Day
2022-08-18,98,Night
2022-08-18,35,Morning
2022-08-18,44,Day
2022-08-19,17,Day
2022-08-19,84,Morning
2022-08-19,39,Night
2022-08-20,52,Day
2022-08-20,16,Morning
2022-08-20,40,Night
2022-08-21,74,Day
2022-08-21,62,Night
2022-08-21,43,Morning
2022-08-22,38,Day
2022-08-22,90,Night
2022-08-22,41,Morning
2022-08-23,57,Day
2022-08-23,93,Morning
2022-08-23,26,Night
2022-08-24,83,Night
2022-08-24,14,Day
2022-08-24,6,Morning
2022-08-25,86,Day
2022-08-25,28,Night
2022-08-25,72,Morning
2022-08-26,20,Day
2022-08-26,19,Morning
2022-08-26,53,Night
2022-08-27,64,Day
2022-08-27,22,Morning
2022-08-27,18,Night
2022-08-28,91,Day
2022-08-28,49,Night
2022-08-28,58,Morning
2022-08-29,87,Night
2022-08-29,16,Morning
2022-08-29,75,Day
2022-08-30,51,Night
2022-08-30,23,Morning
2022-08-30,48,Day
2022-08-31,22,Night
2022-08-31,97,Morning
2022-08-31,33,Day
2022-09-01,30,Night
2022-09-01,14,Morning
2022-09-01,29,Day
2022-09-02,34,Day
2022-09-02,82,Morning
2022-09-02,96,Night
2022-09-03,65,Morning
2022-09-03,47,Night
2022-09-03,10,Day
2022-09-04,56,Day
2022-09-04,77,Morning
2022-09-04,12,Night
2022-09-05,62,Day
2022-09-05,59,Morning
2022-09-05,42,Night
2022-09-06,68,Night
2022-09-06,85,Morning
2022-09-06,53,Day
2022-09-07,21,Day
2022-09-07,11,Morning
2022-09-07,34,Night
2022-09-08,78,Day
2022-09-08,60,Morning
2022-09-08,27,Night
2022-09-09,9,Day
2022-09-09,24,Morning
2022-09-09,80,Night
2022-09-10,39,Morning
2022-09-10,72,Day
2022-09-10,65,Night
2022-09-11,41,Day
2022-09-11,6,Morning
2022-09-11,93,Night
2022-09-12,50,Night
2022-09-12,82,Morning
2022-09-12,97,Day
2022-09-13,46,Morning
2022-09-13,12,Day
2022-09-13,75,Night
2022-09-14,21,Night
2022-09-14,85,Day
2022-09-14,34,Morning
2022-09-15,48,Night
2022-09-15,36,Day
2022-09-15,50,Morning
2022-09-16,54,Day
2022-09-16,17,Morning
2022-09-16,43,Night
2022-09-17,90,Night
2022-09-17,60,Day
2022-09-17,9,Morning
2022-09-18,14,Night
2022-09-18,78,Morning
2022-09-18,23,Day
2022-09-19,95,Morning
2022-09-19,83,Day
2022-09-19,23,Night
2022-09-20,91,Night
2022-09-20,46,Day
2022-09-20,18,Morning
2022-09-21,15,Day
2022-09-21,35,Night
2022-09-21,63,Morning
2022-09-22,25,Morning
2022-09-22,90,Day
2022-09-22,79,Night
2022-09-23,24,Day
2022-09-23,83,Morning
2022-09-23,66,Night
2022-09-24,84,Night
2022-09-24,40,Morning
2022-09-24,33,Day
2022-09-25,3,Night
2022-09-25,51,Morning
2022-09-25,76,Day
2022-09-26,41,Night
2022-09-26,10,Morning
2022-09-26,63,Day
2022-09-27,94,Morning
2022-09-27,89,Day
2022-09-27,6,Night
2022-09-28,59,Night
2022-09-28,67,Morning
2022-09-28,2,Day
2022-09-29,37,Night
2022-09-29,98,Morning
2022-09-29,55,Day
2022-09-30,25,Morning
2022-09-30,82,Night
2022-09-30,14,Day
2022-10-01,74,Day
2022-10-01,0,Night
2022-10-01,13,Morning
2022-10-02,96,Day
2022-10-02,23,Morning
2022-10-02,9,Night
2022-10-03,10,Day
2022-10-03,36,Night
2022-10-03,88,Morning
2022-10-04,51,Morning
2022-10-04,79,Night
2022-10-04,44,Day
2022-10-05,11,Night
2022-10-05,93,Day
2022-10-05,46,Morning
2022-10-06,28,Day
2022-10-06,39,Morning
2022-10-06,80,Night
2022-10-07,26,Night
2022-10-07,52,Day
2022-10-07,7,Morning
2022-10-08,47,Night
2022-10-08,69,Day
2022-10-08,92,Morning
2022-10-09,59,Night
2022-10-09,47,Day
2022-10-09,68,Morning
2022-10-10,24,Morning
2022-10-10,91,Night
2022-10-10,5,Day
2022-10-11,17,Day
2022-10-11,63,Morning
2022-10-11,66,Night
2022-10-12,72,Morning
2022-10-12,24,Night
2022-10-12,36,Day
2022-10-13,7,Night
2022-10-13,41,Morning
2022-10-13,48,Day
2022-10-14,90,Morning
2022-10-14,29,Day
2022-10-14,58,Night
2022-10-15,17,Morning
2022-10-15,58,Day
2022-10-15,23,Night
2022-10-16,78,Day
2022-10-16,92,Night
2022-10-16,36,Morning
2022-10-17,92,Day
2022-10-17,73,Night
2022-10-17,11,Morning
2022-10-18,88,Day
2022-10-18,62,Night
2022-10-18,93,Morning
2022-10-19,94,Night
2022-10-19,42,Morning
2022-10-19,41,Day
2022-10-20,22,Day
2022-10-20,37,Morning
2022-10-20,19,Night
2022-10-21,21,Morning
2022-10-21,35,Night
2022-10-21,10,Day
2022-10-22,54,Morning
2022-10-22,81,Night
2022-10-22,73,Day
2022-10-23,49,Morning
2022-10-23,63,Night
2022-10-23,31,Day
2022-10-24,83,Night
2022-10-24,3,Morning
2022-10-24,42,Day
2022-10-25,26,Morning
2022-10-25,70,Night
2022-10-25,12,Day
2022-10-26,28,Night
2022-10-26,51,Day
2022-10-26,72,Morning
2022-10-27,21,Day
2022-10-27,40,Morning
2022-10-27,93,Night
2022-10-28,81,Day
2022-10-28,91,Morning
2022-10-28,42,Night
2022-10-29,85,Morning
2022-10-29,39,Night
2022-10-29,96,Day
2022-10-30,**,Night
2022-10-30,10,Morning
2022-10-30,75,Day
2022-10-31,32,Day
2022-10-31,78,Night
2022-10-31,81,Morning
2022-11-01,60,Day
2022-11-01,53,Morning
2022-11-01,13,Night
2022-11-02,45,Morning
2022-11-02,91,Day
2022-11-02,56,Night
2022-11-03,66,Morning
2022-11-03,20,Night
2022-11-03,43,Day
2022-11-04,85,Night
2022-11-04,71,Day
2022-11-04,12,Morning
2022-11-05,77,Night
2022-11-05,9,Morning
2022-11-05,82,Day
2022-11-06,7,Day
2022-11-06,98,Night
2022-11-06,31,Morning
2022-11-07,97,Night
2022-11-07,60,Morning
2022-11-07,5,Day
2022-11-08,25,Morning
2022-11-08,84,Day
2022-11-08,65,Night
2022-11-09,20,Day
2022-11-09,71,Night
2022-11-09,96,Morning
2022-11-10,30,Morning
2022-11-10,76,Day
2022-11-10,43,Night
2022-11-11,88,Night
2022-11-11,53,Day
2022-11-11,94,Morning
2022-11-12,52,Night
2022-11-12,14,Morning
2022-11-12,62,Day
2022-11-13,15,Night
2022-11-13,52,Morning
2022-11-13,34,Day
2022-11-14,97,Day
2022-11-14,21,Night
2022-11-14,84,Morning
2022-11-15,5,Morning
2022-11-15,41,Day
2022-11-15,90,Night
2022-11-16,4,Day
2022-11-16,32,Night
2022-11-16,39,Morning
2022-11-17,61,Day
2022-11-17,53,Night
2022-11-17,28,Morning
2022-11-18,64,Morning
2022-11-18,74,Night
2022-11-18,85,Day
2022-11-19,16,Night
2022-11-19,23,Day
2022-11-19,31,Morning
2022-11-20,95,Morning
2022-11-20,70,Day
2022-11-20,82,Night
2022-11-21,82,Night
2022-11-21,59,Day
2022-11-21,12,Morning
2022-11-22,37,Day
2022-11-22,70,Morning
2022-11-22,61,Night
2022-11-23,62,Morning
2022-11-23,86,Day
2022-11-23,40,Night
2022-11-24,56,Morning
2022-11-24,99,Day
2022-11-24,75,Night
2022-11-25,83,Morning
2022-11-25,13,Day
2022-11-25,75,Night
2022-11-26,48,Morning
2022-11-26,30,Day
2022-11-26,29,Night
2022-11-27,32,Morning
2022-11-27,95,Night
2022-11-27,64,Day
2022-11-28,48,Night
2022-11-28,44,Morning
2022-11-28,19,Day
2022-11-29,60,Day
2022-11-29,31,Morning
2022-11-29,92,Night
2022-11-30,10,Night
2022-11-30,49,Day
2022-11-30,85,Morning
2022-12-01,38,Night
2022-12-01,24,Morning
2022-12-01,72,Day
2022-12-02,51,Night
2022-12-02,35,Day
2022-12-02,60,Morning
2022-12-03,82,Day
2022-12-03,63,Night
2022-12-03,17,Morning
2022-12-04,70,Night
2022-12-04,6,Day
2022-12-04,93,Morning
2022-12-05,77,Morning
2022-12-05,25,Night
2022-12-05,1,Day
2022-12-06,74,Night
2022-12-06,63,Day
2022-12-06,14,Morning
2022-12-07,81,Day
2022-12-07,21,Night
2022-12-07,26,Morning
2022-12-08,96,Day
2022-12-08,60,Night
2022-12-08,3,Morning
2022-12-09,40,Day
2022-12-09,72,Night
2022-12-09,81,Morning
2022-12-10,74,Day
2022-12-10,89,Night
2022-12-10,59,Morning
2022-12-11,51,Day
2022-12-11,34,Morning
2022-12-11,62,Night
2022-12-12,91,Morning
2022-12-12,57,Night
2022-12-12,66,Day
2022-12-13,68,Morning
2022-12-13,15,Night
2022-12-13,24,Day
2022-12-14,32,Morning
2022-12-14,2,Night
2022-12-14,19,Day
2022-12-15,49,Morning
2022-12-15,86,Night
2022-12-15,35,Day
2022-12-16,45,Night
2022-12-16,81,Day
2022-12-16,73,Morning
2022-12-17,46,Day
2022-12-17,91,Night
2022-12-17,1,Morning
2022-12-18,93,Day
2022-12-18,73,Night
2022-12-18,29,Morning
2022-12-19,75,Day
2022-12-19,24,Night
2022-12-19,53,Morning
2022-12-20,41,Night
2022-12-20,72,Morning
2022-12-20,91,Day
2022-12-21,72,Morning
2022-12-21,52,Day
2022-12-21,96,Night
2022-12-22,71,Morning
2022-12-22,48,Day
2022-12-22,22,Night
2022-12-23,99,Morning
2022-12-23,25,Day
2022-12-23,71,Night
2022-12-24,35,Morning
2022-12-24,52,Night
2022-12-24,77,Day
2022-12-25,58,Night
2022-12-25,8,Day
2022-12-25,16,Morning
2022-12-26,35,Night
2022-12-26,20,Day
2022-12-26,61,Morning
2022-12-27,79,Night
2022-12-27,84,Morning
2022-12-27,36,Day
2022-12-28,92,Morning
2022-12-28,84,Night
2022-12-28,65,Day
2022-12-29,90,Day
2022-12-29,67,Night
2022-12-29,54,Morning
2022-12-30,49,Morning
2022-12-30,83,Day
2022-12-30,20,Night
2022-12-31,74,Morning
2022-12-31,41,Night
2022-12-31,41,Day
2023-01-01,36,Morning
2023-01-01,53,Day
2023-01-01,22,Night
2023-01-02,98,Day
2023-01-02,21,Morning
2023-01-02,9,Night
2023-01-03,75,Morning
2023-01-03,0,Day
2023-01-03,66,Night
2023-01-04,62,Morning
2023-01-04,34,Day
2023-01-04,95,Night
2023-01-05,71,Day
2023-01-05,80,Morning
2023-01-05,83,Night
2023-01-06,58,Night
2023-01-06,37,Morning
2023-01-06,26,Day
2023-01-07,78,Night
2023-01-07,38,Day
2023-01-07,88,Morning
2023-01-08,90,Morning
2023-01-08,67,Day
2023-01-08,31,Night
2023-01-09,86,Day
2023-01-09,14,Morning
2023-01-09,52,Night
2023-01-10,76,Night
2023-01-10,54,Day
2023-01-10,83,Morning
2023-01-11,80,Night
2023-01-11,51,Morning
2023-01-11,22,Day
2023-01-12,31,Day
2023-01-12,76,Morning
2023-01-12,92,Night
2023-01-13,95,Morning
2023-01-13,18,Day
2023-01-13,50,Night
2023-01-14,1,Morning
2023-01-14,92,Day
2023-01-14,42,Night
2023-01-15,28,Morning
2023-01-15,45,Day
2023-01-15,18,Night
2023-01-16,70,Day
2023-01-16,43,Night
2023-01-16,63,Morning
2023-01-17,45,Morning
2023-01-17,21,Night
2023-01-17,94,Day
2023-01-18,53,Night
2023-01-18,68,Day
2023-01-18,96,Morning
2023-01-19,56,Day
2023-01-19,81,Morning
2023-01-19,36,Night
2023-01-20,42,Day
2023-01-20,81,Night
2023-01-21,97,Night
2023-01-21,25,Morning
2023-01-21,63,Day
2023-01-22,17,Day
2023-01-22,75,Night
2023-01-22,34,Morning
2023-01-23,28,Night
2023-01-23,27,Morning
2023-01-23,69,Day
2023-01-24,79,Morning
2023-01-24,34,Night
2023-01-24,80,Day
2023-01-25,38,Morning
2023-01-25,5,Day
2023-01-25,80,Night
2023-01-26,**,Day
2023-01-26,42,Morning
2023-01-26,**,Night
2023-01-27,38,Night
2023-01-27,4,Day
2023-01-27,15,Morning
2023-01-28,58,Night
2023-01-28,73,Day
2023-01-28,98,Morning
2023-01-29,62,Morning
2023-01-29,90,Day
2023-01-29,26,Night
2023-01-30,61,Night
2023-01-30,53,Morning
2023-01-30,47,Day
2023-01-31,28,Day
2023-01-31,64,Morning
2023-01-31,95,Night
2023-02-01,36,Day
2023-02-01,57,Night
2023-02-01,12,Morning
2023-02-02,87,Morning
2023-02-02,62,Night
2023-02-02,12,Day
2023-02-03,79,Night
2023-02-03,34,Morning
2023-02-03,55,Day
2023-02-04,96,Day
2023-02-04,17,Morning
2023-02-04,32,Night
2023-02-05,55,Morning
2023-02-05,51,Night
2023-02-05,87,Day
2023-02-06,64,Day
2023-02-06,17,Night
2023-02-06,70,Morning
2023-02-07,51,Day
2023-02-07,43,Night
2023-02-07,29,Morning
2023-02-08,45,Morning
2023-02-08,82,Night
2023-02-08,97,Day
2023-02-09,98,Night
2023-02-09,42,Day
2023-02-09,36,Morning
2023-02-10,24,Night
2023-02-10,20,Day
2023-02-10,11,Morning
2023-02-11,25,Day
2023-02-11,50,Night
2023-02-11,63,Morning
2023-02-12,82,Morning
2023-02-12,16,Day
2023-02-12,63,Night
2023-02-13,5,Day
2023-02-13,73,Night
2023-02-13,56,Morning
2023-02-14,44,Morning
2023-02-14,73,Day
2023-02-14,56,Night
2023-02-15,8,Morning
2023-02-15,34,Night
2023-02-15,62,Day
2023-02-16,2,Night
2023-02-16,79,Morning
2023-02-16,15,Day
2023-02-17,23,Morning
2023-02-17,89,Day
2023-02-17,46,Night
2023-02-18,41,Day
2023-02-18,87,Night
2023-02-18,95,Morning
2023-02-19,57,Day
2023-02-19,21,Night
2023-02-19,34,Morning
2023-02-20,66,Night
2023-02-20,13,Morning
2023-02-20,34,Day
2023-02-21,90,Day
2023-02-21,12,Night
2023-02-21,25,Morning
2023-02-22,31,Day
2023-02-22,69,Morning
2023-02-22,85,Night
2023-02-23,52,Day
2023-02-23,97,Night
2023-02-23,43,Morning
2023-02-24,44,Night
2023-02-24,76,Day
2023-02-24,81,Morning
2023-02-25,13,Day
2023-02-25,74,Night
2023-02-25,2,Morning
2023-02-26,44,Day
2023-02-26,39,Night
2023-02-26,76,Morning
2023-02-27,86,Day
2023-02-27,3,Night
2023-02-27,95,Morning
2023-02-28,99,Night
2023-02-28,4,Morning
2023-02-28,75,Day
2023-03-01,33,Morning
2023-03-01,68,Day
2023-03-01,24,Night
2023-03-02,4,Day
2023-03-02,68,Night
2023-03-02,21,Morning
2023-03-03,41,Night
2023-03-03,57,Morning
2023-03-03,22,Day
2023-03-04,82,Night
2023-03-04,19,Morning
2023-03-04,54,Day
2023-03-05,48,Morning
2023-03-05,56,Night
2023-03-05,17,Day
2023-03-06,78,Night
2023-03-06,32,Day
2023-03-06,61,Morning
2023-03-07,41,Day
2023-03-07,35,Night
2023-03-07,78,Morning
2023-03-08,**,Day
2023-03-08,**,Night
2023-03-08,**,Morning
2023-03-09,10,Night
2023-03-09,84,Morning
2023-03-09,93,Day
2023-03-10,85,Day
2023-03-10,26,Night
2023-03-10,90,Morning
2023-03-11,60,Day
2023-03-11,91,Night
2023-03-11,32,Morning
2023-03-12,47,Night
2023-03-12,23,Day
2023-03-12,51,Morning
2023-03-13,71,Day
2023-03-13,24,Morning
2023-03-13,63,Night
2023-03-14,13,Morning
2023-03-14,84,Night
2023-03-14,52,Day
2023-03-15,92,Morning
2023-03-15,57,Night
2023-03-15,14,Day
2023-03-16,28,Day
2023-03-16,34,Night
2023-03-17,72,Night
2023-03-17,64,Morning
2023-03-17,33,Day
2023-03-18,16,Night
2023-03-18,75,Morning
2023-03-18,93,Day
2023-03-19,65,Day
2023-03-19,82,Morning
2023-03-19,91,Night
2023-03-20,**,Night
2023-03-20,37,Morning
2023-03-20,**,Day
2023-03-21,**,Day
2023-03-21,48,Morning
2023-03-21,**,Night
2023-03-22,**,Day
2023-03-22,**,Night
2023-03-22,51,Morning
2023-03-23,50,Day
2023-03-23,67,Night
2023-03-23,29,Morning
2023-03-24,71,Night
2023-03-24,12,Day
2023-03-24,77,Morning
2023-03-25,46,Night
2023-03-25,85,Day
2023-03-25,11,Morning
2023-03-26,52,Night
2023-03-26,1,Day
2023-03-26,98,Morning
2023-03-27,14,Night
2023-03-27,69,Morning
2023-03-27,73,Day
2023-03-28,85,Night
2023-03-28,64,Day
2023-03-28,72,Morning
2023-03-29,6,Night
2023-03-29,86,Morning
2023-03-29,21,Day
2023-03-30,21,Night
2023-03-30,9,Morning
2023-03-30,43,Day
2023-03-31,32,Night
2023-03-31,54,Morning
2023-03-31,96,Day
2023-04-01,90,Night
2023-04-01,87,Morning
2023-04-01,17,Day
2023-04-02,59,Day
2023-04-02,87,Night
2023-04-02,24,Morning
2023-04-03,4,Morning
2023-04-03,97,Night
2023-04-03,82,Day
2023-04-04,98,Morning
2023-04-04,27,Night
2023-04-04,3,Day
2023-04-05,36,Day
2023-04-05,47,Night
2023-04-05,13,Morning
2023-04-06,11,Morning
2023-04-06,59,Day
2023-04-06,8,Night
2023-04-07,70,Day
2023-04-07,38,Morning
2023-04-07,52,Night
2023-04-08,0,Day
2023-04-08,42,Morning
2023-04-08,84,Night
2023-04-09,67,Morning
2023-04-09,18,Day
2023-04-09,72,Night
2023-04-10,55,Morning
2023-04-10,30,Day
2023-04-10,69,Night
2023-04-11,13,Night
2023-04-11,41,Day
2023-04-11,24,Morning
2023-04-12,89,Morning
2023-04-12,22,Day
2023-04-12,95,Night
2023-04-13,22,Night
2023-04-13,13,Day
2023-04-13,7,Morning
2023-04-14,34,Night
2023-04-14,69,Day
2023-04-14,45,Morning
2023-04-15,90,Night
2023-04-15,54,Day
2023-04-15,91,Morning
2023-04-16,40,Night
2023-04-16,8,Morning
2023-04-16,92,Day
2023-04-17,54,Night
2023-04-17,12,Morning
2023-04-17,2,Day
2023-04-18,35,Morning
2023-04-18,82,Night
2023-04-18,76,Day
2023-04-19,45,Day
2023-04-19,33,Morning
2023-04-19,70,Night
2023-04-20,61,Morning
2023-04-20,73,Day
2023-04-20,98,Night
2023-04-21,61,Night
2023-04-21,90,Morning
2023-04-21,82,Day
2023-04-22,11,Day
2023-04-22,25,Night
2023-04-22,75,Morning
2023-04-23,35,Day
2023-04-23,12,Night
2023-04-23,62,Morning
2023-04-24,35,Night
2023-04-24,84,Morning
2023-04-24,27,Day
2023-04-25,94,Morning
2023-04-25,24,Night
2023-04-25,19,Day
2023-04-26,39,Night
2023-04-26,77,Day
2023-04-26,20,Morning
2023-04-27,64,Day
2023-04-27,53,Morning
2023-04-27,5,Night
2023-04-28,45,Day
2023-04-28,6,Morning
2023-04-28,64,Night
2023-04-29,82,Day
2023-04-29,79,Night
2023-04-29,44,Morning
2023-04-30,31,Day
2023-04-30,95,Morning
2023-04-30,15,Night
2023-05-01,88,Day
2023-05-01,62,Night
2023-05-01,71,Morning
2023-05-02,57,Day
2023-05-02,9,Morning
2023-05-02,22,Night
2023-05-03,86,Day
2023-05-03,10,Morning
2023-05-03,45,Night
2023-05-04,18,Night
2023-05-04,82,Morning
2023-05-04,3,Day
2023-05-05,36,Night
2023-05-05,87,Morning
2023-05-05,94,Day
2023-05-06,52,Night
2023-05-06,31,Morning
2023-05-06,74,Day
2023-05-07,78,Night
2023-05-07,63,Day
2023-05-07,43,Morning
2023-05-08,28,Morning
2023-05-08,10,Day
2023-05-08,81,Night
2023-05-09,54,Morning
2023-05-09,22,Day
2023-05-09,97,Night
2023-05-10,37,Day
2023-05-10,11,Night
2023-05-10,61,Morning
2023-05-11,51,Day
2023-05-11,74,Night
2023-05-11,65,Morning
2023-05-12,42,Day
2023-05-12,2,Night
2023-05-12,99,Morning
2023-05-13,59,Day
2023-05-13,44,Night
2023-05-13,8,Morning
2023-05-14,89,Day
2023-05-14,58,Morning
2023-05-14,93,Night
2023-05-15,23,Night
2023-05-15,76,Day
2023-05-15,56,Morning
2023-05-16,4,Day
2023-05-16,45,Night
2023-05-16,32,Morning
2023-05-17,92,Day
2023-05-17,43,Morning
2023-05-17,68,Night
2023-05-18,53,Night
2023-05-18,61,Day
2023-05-18,40,Morning
2023-05-19,53,Day
2023-05-19,87,Night
2023-05-19,18,Morning
2023-05-20,60,Day
2023-05-20,55,Night
2023-05-20,21,Morning
2023-05-21,18,Day
2023-05-21,89,Night
2023-05-21,74,Morning
2023-05-22,49,Morning
2023-05-22,77,Night
2023-05-22,25,Day
2023-05-23,81,Morning
2023-05-23,2,Night
2023-05-23,38,Day
2023-05-24,67,Morning
2023-05-24,45,Day
2023-05-24,31,Night
2023-05-25,91,Night
2023-05-25,30,Morning
2023-05-25,79,Day
2023-05-26,10,Day
2023-05-26,**,Morning
2023-05-26,24,Night
2023-05-27,97,Morning
2023-05-27,44,Day
2023-05-27,68,Night
2023-05-28,2,Morning
2023-05-28,91,Day
2023-05-28,47,Night
2023-05-29,63,Day
2023-05-29,18,Night
2023-05-29,75,Morning
2023-05-30,55,Night
2023-05-30,26,Morning
2023-05-30,1,Day
2023-05-31,48,Night
2023-05-31,11,Morning
2023-05-31,24,Day
2023-06-01,44,Morning
2023-06-01,10,Night
2023-06-01,28,Day
2023-06-02,55,Day
2023-06-02,27,Night
2023-06-02,84,Morning
2023-06-03,30,Day
2023-06-03,53,Night
2023-06-03,62,Morning
2023-06-04,84,Day
2023-06-04,45,Morning
2023-06-04,83,Night
2023-06-05,93,Night
2023-06-05,50,Day
2023-06-05,39,Morning
2023-06-06,62,Night
2023-06-06,76,Day
2023-06-06,80,Morning
2023-06-07,57,Night
2023-06-07,92,Morning
2023-06-07,94,Day
2023-06-08,33,Night
2023-06-08,15,Morning
2023-06-08,31,Day
2023-06-09,41,Night
2023-06-09,3,Morning
2023-06-09,68,Day
2023-06-10,76,Night
2023-06-10,12,Day
2023-06-10,99,Morning
2023-06-11,7,Night
2023-06-11,35,Day
2023-06-11,14,Morning
2023-06-12,55,Morning
2023-06-12,42,Day
2023-06-12,86,Night
2023-06-13,5,Night
2023-06-13,43,Morning
2023-06-13,26,Day
2023-06-14,10,Day
2023-06-14,28,Night
2023-06-14,97,Morning
2023-06-15,56,Night
2023-06-15,38,Morning
2023-06-15,89,Day
2023-06-16,10,Night
2023-06-16,96,Morning
2023-06-16,56,Day
2023-06-17,15,Night
2023-06-17,57,Morning
2023-06-17,40,Day
2023-06-18,6,Morning
2023-06-18,35,Night
2023-06-18,99,Day
2023-06-19,11,Morning
2023-06-19,29,Night
2023-06-19,7,Day
2023-06-20,33,Day
2023-06-20,73,Morning
2023-06-20,46,Night
2023-06-21,69,Day
2023-06-21,15,Morning
2023-06-21,71,Night
2023-06-22,25,Day
2023-06-22,43,Morning
2023-06-22,69,Night
2023-06-23,22,Morning
2023-06-23,58,Day
2023-06-23,66,Night
2023-06-24,91,Morning
2023-06-24,44,Day
2023-06-24,87,Night
2023-06-25,75,Day
2023-06-25,9,Night
2023-06-25,73,Morning
2023-06-26,55,Night
2023-06-26,60,Morning
2023-06-26,92,Day
2023-06-27,15,Day
2023-06-27,30,Night
2023-06-27,92,Morning
2023-06-28,16,Night
2023-06-28,70,Morning
2023-06-28,3,Day
2023-06-29,25,Night
2023-06-29,48,Day
2023-06-29,84,Morning
2023-06-30,62,Day
2023-06-30,4,Morning
2023-06-30,18,Night
2023-07-01,81,Day
2023-07-01,90,Morning
2023-07-01,43,Night
2023-07-02,1,Day
2023-07-02,83,Morning
2023-07-02,36,Night
2023-07-03,56,Day
2023-07-03,35,Morning
2023-07-03,11,Night
2023-07-04,21,Morning
2023-07-04,97,Night
2023-07-04,82,Day
2023-07-05,87,Night
2023-07-05,37,Day
2023-07-05,39,Morning
2023-07-06,34,Night
2023-07-06,27,Day
2023-07-06,11,Morning
2023-07-07,44,Night
2023-07-07,90,Day
2023-07-07,57,Morning
2023-07-08,57,Night
2023-07-08,38,Day
2023-07-08,71,Morning
2023-07-09,50,Night
2023-07-09,56,Morning
2023-07-09,69,Day
2023-07-10,90,Morning
2023-07-10,12,Night
2023-07-10,70,Day
2023-07-11,94,Morning
2023-07-11,68,Night
2023-07-11,15,Day
2023-07-12,21,Night
2023-07-12,29,Day
2023-07-12,37,Morning
2023-07-13,66,Day
2023-07-13,40,Morning
2023-07-13,39,Night
2023-07-14,24,Day
2023-07-14,66,Morning
2023-07-14,80,Night
2023-07-15,79,Day
2023-07-15,40,Morning
2023-07-15,88,Night
2023-07-16,22,Day
2023-07-16,31,Morning
2023-07-16,26,Night
2023-07-17,49,Day
2023-07-17,57,Night
2023-07-17,87,Morning
2023-07-18,7,Morning
2023-07-18,34,Day
2023-07-18,49,Night
2023-07-19,66,Morning
2023-07-19,6,Night
2023-07-19,18,Day
2023-07-20,77,Night
2023-07-20,92,Morning
2023-07-20,54,Day
2023-07-21,21,Night
2023-07-21,98,Morning
2023-07-21,77,Day
2023-07-22,91,Night
2023-07-22,36,Morning
2023-07-22,81,Day
2023-07-23,78,Night
2023-07-23,9,Morning
2023-07-23,30,Day
2023-07-24,32,Morning
2023-07-24,7,Day
2023-07-24,89,Night
2023-07-25,26,Day
2023-07-25,30,Night
2023-07-25,8,Morning
2023-07-26,61,Day
2023-07-26,25,Night
2023-07-26,18,Morning
2023-07-27,9,Day
2023-07-27,2,Night
2023-07-27,75,Morning
2023-07-28,32,Day
2023-07-28,1,Night
2023-07-28,92,Morning
2023-07-29,95,Day
2023-07-29,22,Morning
2023-07-29,80,Night
2023-07-30,60,Morning
2023-07-30,74,Day
2023-07-30,93,Night
2023-07-31,77,Morning
2023-07-31,85,Day
2023-07-31,64,Night
2023-08-01,65,Morning
2023-08-01,49,Day
2023-08-01,68,Night
2023-08-02,50,Morning
2023-08-02,43,Day
2023-08-02,27,Night
2023-08-03,60,Morning
2023-08-03,12,Day
2023-08-03,45,Night
2023-08-04,54,Night
2023-08-04,48,Morning
2023-08-04,38,Day
2023-08-05,19,Night
2023-08-05,85,Morning
2023-08-05,60,Day
2023-08-06,75,Night
2023-08-06,44,Morning
2023-08-06,30,Day
2023-08-07,80,Morning
2023-08-07,51,Day
2023-08-07,10,Night
2023-08-08,95,Night
2023-08-08,62,Day
2023-08-08,87,Morning
2023-08-09,79,Day
2023-08-09,41,Morning
2023-08-09,69,Night
2023-08-10,14,Day
2023-08-10,37,Morning
2023-08-10,81,Night
2023-08-11,28,Morning
2023-08-11,30,Night
2023-08-11,69,Day
2023-08-12,97,Morning
2023-08-12,50,Day
2023-08-12,82,Night
2023-08-13,31,Night
2023-08-13,72,Day
2023-08-13,91,Morning
2023-08-14,90,Morning
2023-08-14,31,Night
2023-08-14,28,Day
2023-08-15,**,Night
2023-08-15,**,Day
2023-08-15,**,Morning
2023-08-16,**,Morning
2023-08-16,38,Day
2023-08-16,2,Night
2023-08-17,**,Morning
2023-08-17,25,Night
2023-08-17,37,Day
2023-08-18,**,Morning
2023-08-18,88,Night
2023-08-18,95,Day
2023-08-19,57,Night
2023-08-19,46,Day
2023-08-19,**,Morning
2023-08-20,80,Night
2023-08-20,91,Day
2023-08-20,**,Morning
2023-08-21,50,Day
2023-08-21,**,Morning
2023-08-21,47,Night
2023-08-22,**,Morning
2023-08-22,77,Night
2023-08-22,46,Day
2023-08-23,**,Morning
2023-08-23,13,Night
2023-08-23,52,Day
2023-08-24,**,Morning
2023-08-24,60,Day
2023-08-24,70,Night
2023-08-25,82,Day
2023-08-25,63,Night
2023-08-25,**,Morning
2023-08-26,**,Morning
2023-08-26,53,Day
2023-08-26,64,Night
2023-08-27,74,Day
2023-08-27,**,Morning
2023-08-27,97,Night
2023-08-28,5,Night
2023-08-28,18,Day
2023-08-28,**,Morning
2023-08-29,97,Day
2023-08-29,28,Night
2023-08-29,**,Morning
2023-08-30,99,Night
2023-08-30,**,Morning
2023-08-30,12,Day
2023-08-31,97,Night
2023-08-31,**,Morning
2023-08-31,0,Day
2023-09-01,79,Day
2023-09-01,64,Morning
2023-09-01,82,Night
2023-09-02,3,Morning
2023-09-02,94,Day
2023-09-02,90,Night
2023-09-03,18,Night
2023-09-03,62,Morning
2023-09-03,20,Day
2023-09-04,76,Day
2023-09-04,31,Night
2023-09-04,64,Morning
2023-09-05,34,Day
2023-09-05,8,Night
2023-09-05,87,Morning
2023-09-06,8,Morning
2023-09-06,56,Night
2023-09-06,89,Day
2023-09-07,93,Night
2023-09-07,14,Day
2023-09-07,22,Morning
2023-09-08,73,Day
2023-09-08,59,Morning
2023-09-08,50,Night
2023-09-09,93,Night
2023-09-09,63,Day
2023-09-09,52,Morning
2023-09-10,25,Night
2023-09-10,17,Day
2023-09-10,93,Morning
2023-09-11,37,Night
2023-09-11,66,Morning
2023-09-11,42,Day
2023-09-12,10,Morning
2023-09-12,45,Night
2023-09-12,6,Day
2023-09-13,21,Night
2023-09-13,40,Morning
2023-09-13,24,Day
2023-09-14,5,Night
2023-09-14,43,Morning
2023-09-14,18,Day
2023-09-15,37,Morning
2023-09-15,52,Day
2023-09-15,84,Night
2023-09-16,48,Day
2023-09-16,90,Night
2023-09-16,16,Morning
2023-09-17,49,Night
2023-09-17,49,Day
2023-09-17,1,Morning
2023-09-18,15,Night
2023-09-18,8,Day
2023-09-18,93,Morning
2023-09-19,92,Day
2023-09-19,98,Morning
2023-09-19,62,Night
2023-09-20,68,Day
2023-09-20,85,Morning
2023-09-20,9,Night
2023-09-21,15,Morning
2023-09-21,47,Night
2023-09-21,20,Day
2023-09-22,76,Morning
2023-09-22,61,Night
2023-09-22,92,Day
2023-09-23,40,Morning
2023-09-23,60,Night
2023-09-23,27,Day
2023-09-24,72,Morning
2023-09-24,28,Night
2023-09-24,60,Day
2023-09-25,6,Night
2023-09-25,31,Day
2023-09-25,76,Morning
2023-09-26,75,Day
2023-09-26,20,Morning
2023-09-26,31,Night
2023-09-27,88,Day
2023-09-27,43,Morning
2023-09-27,**,Night
2023-09-28,40,Day
2023-09-28,24,Morning
2023-09-28,71,Night
2023-09-29,17,Day
2023-09-29,39,Night
2023-09-29,90,Morning
2023-09-30,80,Night
2023-09-30,53,Day
2023-09-30,18,Morning
2023-10-01,51,Morning
2023-10-01,32,Day
2023-10-01,79,Night
2023-10-02,87,Night
2023-10-02,0,Day
2023-10-02,4,Morning
2023-10-03,91,Day
2023-10-03,16,Night
2023-10-03,96,Morning
2023-10-04,62,Night
2023-10-04,21,Day
2023-10-04,49,Morning
2023-10-05,3,Morning
2023-10-05,56,Day
2023-10-05,22,Night
2023-10-06,33,Morning
2023-10-06,61,Day
2023-10-06,89,Night
2023-10-07,46,Morning
2023-10-07,50,Day
2023-10-07,48,Night
2023-10-08,66,Night
2023-10-08,19,Day
2023-10-08,84,Morning
2023-10-09,21,Morning
2023-10-09,78,Day
2023-10-09,88,Night
2023-10-10,87,Morning
2023-10-10,45,Night
2023-10-10,89,Day
2023-10-11,12,Morning
2023-10-11,74,Night
2023-10-11,30,Day
2023-10-12,7,Night
2023-10-12,57,Morning
2023-10-12,41,Day
2023-10-13,19,Night
2023-10-13,84,Morning
2023-10-13,98,Day
2023-10-14,34,Morning
2023-10-14,0,Night
2023-10-14,37,Day
2023-10-15,10,Night
2023-10-15,12,Morning
2023-10-15,44,Day
2023-10-16,97,Night
2023-10-16,12,Morning
2023-10-16,10,Day
2023-10-17,56,Day
2023-10-17,80,Night
2023-10-17,46,Morning
2023-10-18,7,Day
2023-10-18,88,Night
2023-10-18,60,Morning
2023-10-19,65,Night
2023-10-19,44,Day
2023-10-19,25,Morning
2023-10-20,22,Morning
2023-10-20,45,Night
2023-10-20,46,Day
2023-10-21,56,Night
2023-10-21,33,Morning
2023-10-21,86,Day
2023-10-22,70,Morning
2023-10-22,73,Day
2023-10-22,89,Night
2023-10-23,42,Day
2023-10-23,72,Morning
2023-10-23,25,Night
2023-10-24,29,Night
2023-10-24,99,Morning
2023-10-24,49,Day
2023-10-25,1,Night
2023-10-25,64,Morning
2023-10-25,29,Day
2023-10-26,42,Night
2023-10-26,50,Morning
2023-10-26,71,Day
2023-10-27,39,Night
2023-10-27,97,Morning
2023-10-27,59,Day
2023-10-28,66,Day
2023-10-28,18,Morning
2023-10-28,14,Night
2023-10-29,70,Night
2023-10-29,57,Day
2023-10-29,4,Morning
2023-10-30,22,Night
2023-10-30,86,Morning
2023-10-30,1,Day
2023-10-31,2,Morning
2023-10-31,86,Night
2023-10-31,9,Day
2023-11-01,99,Night
2023-11-01,11,Day
2023-11-01,28,Morning
2023-11-02,54,Night
2023-11-02,62,Day
2023-11-02,30,Morning
2023-11-03,17,Day
2023-11-03,55,Night
2023-11-03,87,Morning
2023-11-04,30,Day
2023-11-04,29,Night
2023-11-04,34,Morning
2023-11-05,99,Morning
2023-11-05,87,Night
2023-11-05,95,Day
2023-11-06,73,Morning
2023-11-06,69,Night
2023-11-06,89,Day
2023-11-07,15,Night
2023-11-07,34,Day
2023-11-07,68,Morning
2023-11-08,10,Day
2023-11-08,75,Night
2023-11-08,19,Morning
2023-11-09,64,Morning
2023-11-09,59,Day
2023-11-09,81,Night
2023-11-10,21,Day
2023-11-10,41,Night
2023-11-10,48,Morning
2023-11-11,96,Night
2023-11-11,15,Morning
2023-11-11,52,Day
2023-11-12,29,Day
2023-11-12,10,Morning
2023-11-12,83,Night
2023-11-13,79,Day
2023-11-13,65,Morning
2023-11-13,21,Night
2023-11-14,20,Day
2023-11-14,22,Night
2023-11-14,95,Morning
2023-11-15,96,Night
2023-11-15,81,Morning
2023-11-15,27,Day
2023-11-16,8,Night
2023-11-16,89,Morning
2023-11-16,99,Day
2023-11-17,28,Night
2023-11-17,36,Morning
2023-11-17,67,Day
2023-11-18,63,Night
2023-11-18,64,Day
2023-11-18,3,Morning
2023-11-19,8,Day
2023-11-19,24,Night
2023-11-19,99,Morning
2023-11-20,95,Night
2023-11-20,1,Morning
2023-11-20,66,Day
2023-11-21,98,Day
2023-11-21,17,Night
2023-11-21,30,Morning
2023-11-22,70,Night
2023-11-22,56,Morning
2023-11-22,64,Day
2023-11-23,93,Morning
2023-11-23,48,Day
2023-11-23,22,Night
2023-11-24,22,Day
2023-11-24,15,Morning
2023-11-24,52,Night
2023-11-25,80,Day
2023-11-25,49,Night
2023-11-25,12,Morning
2023-11-26,77,Day
2023-11-26,59,Morning
2023-11-26,96,Night
2023-11-27,92,Morning
2023-11-27,17,Day
2023-11-27,7,Night
2023-11-28,0,Day
2023-11-28,59,Night
2023-11-28,58,Morning
2023-11-29,90,Night
2023-11-29,25,Morning
2023-11-29,51,Day
2023-11-30,99,Morning
2023-11-30,45,Night
2023-11-30,6,Day
2023-12-01,67,Day
2023-12-01,82,Morning
2023-12-01,93,Night
2023-12-02,80,Night
2023-12-02,15,Day
2023-12-02,62,Morning
2023-12-03,48,Night
2023-12-03,30,Day
2023-12-03,83,Morning
2023-12-04,15,Night
2023-12-04,47,Day
2023-12-04,67,Morning
2023-12-05,60,Morning
2023-12-05,64,Night
2023-12-05,73,Day
2023-12-06,3,Day
2023-12-06,47,Morning
2023-12-06,83,Night
2023-12-07,70,Morning
2023-12-07,8,Night
2023-12-07,53,Day
2023-12-08,38,Night
2023-12-08,0,Morning
2023-12-08,34,Day
2023-12-09,55,Morning
2023-12-09,70,Day
2023-12-09,17,Night
2023-12-10,40,Morning
2023-12-10,8,Day
2023-12-10,26,Night
2023-12-11,22,Morning
2023-12-11,69,Day
2023-12-11,78,Night
2023-12-12,23,Day
2023-12-12,30,Morning
2023-12-12,69,Night
2023-12-13,89,Night
2023-12-13,64,Day
2023-12-13,88,Morning
2023-12-14,90,Night
2023-12-14,26,Day
2023-12-14,86,Morning
2023-12-15,47,Day
2023-12-15,44,Morning
2023-12-15,2,Night
2023-12-16,97,Night
2023-12-16,29,Morning
2023-12-16,27,Day
2023-12-17,52,Morning
2023-12-17,14,Day
2023-12-17,10,Night
2023-12-18,59,Day
2023-12-18,67,Morning
2023-12-18,11,Night
2023-12-19,60,Day
2023-12-19,54,Morning
2023-12-19,41,Night
2023-12-20,42,Night
2023-12-20,2,Morning
2023-12-20,93,Day
2023-12-21,82,Night
2023-12-21,65,Morning
2023-12-21,10,Day
2023-12-22,12,Morning
2023-12-22,24,Day
2023-12-22,59,Night
2023-12-23,15,Night
2023-12-23,13,Day
2023-12-23,50,Morning
2023-12-24,36,Day
2023-12-24,84,Night
2023-12-24,24,Morning
2023-12-25,75,Day
2023-12-25,1,Morning
2023-12-25,37,Night
2023-12-26,21,Night
2023-12-26,18,Morning
2023-12-26,28,Day
2023-12-27,40,Night
2023-12-27,23,Day
2023-12-27,90,Morning
2023-12-28,69,Day
2023-12-28,11,Night
2023-12-28,88,Morning
2023-12-29,29,Morning
2023-12-29,67,Day
2023-12-29,63,Night
2023-12-30,20,Night
2023-12-30,28,Morning
2023-12-30,87,Day
2023-12-31,32,Night
2023-12-31,69,Morning
2023-12-31,6,Day
2024-01-01,22,Morning
2024-01-01,13,Day
2024-01-01,92,Night
2024-01-02,88,Night
2024-01-02,62,Day
2024-01-02,84,Morning
2024-01-03,49,Day
2024-01-03,32,Morning
2024-01-03,87,Night
2024-01-04,28,Morning
2024-01-04,75,Night
2024-01-04,81,Day
2024-01-05,10,Day
2024-01-05,29,Night
2024-01-06,30,Day
2024-01-06,78,Morning
2024-01-06,74,Night
2024-01-07,39,Day
2024-01-07,71,Morning
2024-01-07,99,Night
2024-01-08,9,Day
2024-01-08,59,Night
2024-01-08,41,Morning
2024-01-09,39,Night
2024-01-09,36,Day
2024-01-09,70,Morning
2024-01-10,89,Morning
2024-01-10,13,Night
2024-01-10,50,Day
2024-01-11,35,Morning
2024-01-11,18,Night
2024-01-11,75,Day
2024-01-12,75,Morning
2024-01-12,22,Day
2024-01-12,8,Night
2024-01-13,69,Night
2024-01-13,26,Day
2024-01-13,74,Morning
2024-01-14,76,Day
2024-01-14,7,Morning
2024-01-14,76,Night
2024-01-15,32,Day
2024-01-15,98,Morning
2024-01-15,22,Night
2024-01-16,32,Morning
2024-01-16,58,Night
2024-01-16,71,Day
2024-01-17,40,Morning
2024-01-17,21,Day
2024-01-17,15,Night
2024-01-18,53,Night
2024-01-18,91,Morning
2024-01-18,87,Day
2024-01-19,48,Morning
2024-01-19,47,Night
2024-01-19,18,Day
2024-01-20,44,Night
2024-01-20,18,Morning
2024-01-20,42,Day
2024-01-21,43,Morning
2024-01-21,6,Night
2024-01-21,58,Day
2024-01-22,16,Morning
2024-01-22,50,Day
2024-01-22,86,Night
2024-01-23,91,Morning
2024-01-23,18,Night
2024-01-23,42,Day
2024-01-24,77,Morning
2024-01-24,67,Night
2024-01-24,44,Day
2024-01-25,39,Morning
2024-01-25,63,Night
2024-01-25,61,Day
2024-01-26,**,Day
2024-01-26,**,Night
2024-01-26,**,Morning
2024-01-27,64,Day
2024-01-27,96,Morning
2024-01-27,27,Night
2024-01-28,81,Night
2024-01-28,65,Morning
2024-01-28,1,Day
2024-01-29,37,Night
2024-01-29,86,Morning
2024-01-29,95,Day
2024-01-30,32,Morning
2024-01-30,60,Day
2024-01-30,44,Night
2024-01-31,80,Day
2024-01-31,89,Night
2024-01-31,62,Morning
2024-02-01,32,Day
2024-02-01,39,Night
2024-02-01,80,Morning
2024-02-02,31,Night
2024-02-02,52,Morning
2024-02-02,78,Day
2024-02-03,40,Night
2024-02-03,36,Morning
2024-02-03,27,Day
2024-02-04,76,Day
2024-02-04,52,Night
2024-02-04,51,Morning
2024-02-05,56,Day
2024-02-05,69,Night
2024-02-05,39,Morning
2024-02-06,15,Night
2024-02-06,18,Day
2024-02-06,1,Morning
2024-02-07,46,Morning
2024-02-07,49,Day
2024-02-07,25,Night
2024-02-08,31,Morning
2024-02-08,26,Day
2024-02-08,61,Night
2024-02-09,45,Morning
2024-02-09,97,Day
2024-02-09,24,Night
2024-02-10,60,Day
2024-02-10,58,Morning
2024-02-10,22,Night
2024-02-11,71,Morning
2024-02-11,84,Night
2024-02-11,94,Day
2024-02-12,79,Day
2024-02-12,49,Morning
2024-02-12,2,Night
2024-02-13,68,Day
2024-02-13,78,Morning
2024-02-13,92,Night
2024-02-14,9,Morning
2024-02-14,87,Day
2024-02-14,49,Night
2024-02-15,71,Night
2024-02-15,93,Day
2024-02-15,80,Morning
2024-02-16,61,Night
2024-02-16,74,Morning
2024-02-16,92,Day
2024-02-17,30,Night
2024-02-17,29,Morning
2024-02-17,36,Day
2024-02-18,37,Night
2024-02-18,84,Morning
2024-02-18,96,Day
2024-02-19,10,Night
2024-02-19,31,Morning
2024-02-19,29,Day
2024-02-20,82,Morning
2024-02-20,60,Night
2024-02-20,85,Day
2024-02-21,2,Day
2024-02-21,66,Morning
2024-02-21,85,Night
2024-02-22,9,Day
2024-02-22,73,Night
2024-02-22,62,Morning
2024-02-23,19,Day
2024-02-23,51,Night
2024-02-23,5,Morning
2024-02-24,11,Day
2024-02-24,56,Night
2024-02-24,80,Morning
2024-02-25,85,Day
2024-02-25,91,Night
2024-02-25,73,Morning
2024-02-26,50,Day
2024-02-26,32,Night
2024-02-26,55,Morning
2024-02-27,39,Night
2024-02-27,16,Morning
2024-02-27,45,Day
2024-02-28,31,Morning
2024-02-28,26,Day
2024-02-28,78,Night
2024-02-29,25,Day
2024-02-29,13,Night
2024-02-29,76,Morning
2024-03-01,51,Morning
2024-03-01,80,Day
2024-03-01,**,Night
2024-03-02,36,Day
2024-03-02,99,Night
2024-03-02,78,Morning
2024-03-03,89,Night
2024-03-03,54,Day
2024-03-03,16,Morning
2024-03-04,50,Night
2024-03-04,25,Morning
2024-03-04,68,Day
2024-03-05,69,Morning
2024-03-05,65,Day
2024-03-05,19,Night
2024-03-06,80,Morning
2024-03-06,70,Day
2024-03-06,61,Night
2024-03-07,18,Day
2024-03-07,98,Morning
2024-03-07,85,Night
2024-03-08,10,Night
2024-03-08,12,Day
2024-03-08,95,Morning
2024-03-09,46,Night
2024-03-09,98,Day
2024-03-09,93,Morning
2024-03-10,77,Day
2024-03-10,58,Morning
2024-03-10,95,Night
2024-03-11,76,Night
2024-03-11,13,Day
2024-03-11,38,Morning
2024-03-12,79,Morning
2024-03-12,8,Day
2024-03-12,71,Night
2024-03-13,6,Night
2024-03-13,25,Day
2024-03-13,52,Morning
2024-03-14,36,Night
2024-03-14,36,Day
2024-03-14,52,Morning
2024-03-15,35,Night
2024-03-15,56,Day
2024-03-15,18,Morning
2024-03-16,31,Morning
2024-03-16,10,Night
2024-03-16,48,Day
2024-03-17,53,Night
2024-03-17,82,Day
2024-03-17,99,Morning
2024-03-18,29,Morning
2024-03-18,13,Night
2024-03-18,93,Day
2024-03-19,90,Morning
2024-03-19,39,Night
2024-03-19,7,Day
2024-03-20,34,Morning
2024-03-20,90,Night
2024-03-20,16,Day
2024-03-21,86,Night
2024-03-21,30,Day
2024-03-21,82,Morning
2024-03-22,95,Morning
2024-03-22,40,Night
2024-03-22,63,Day
2024-03-23,70,Morning
2024-03-23,41,Day
2024-03-23,98,Night
2024-03-24,20,Day
2024-03-24,92,Night
2024-03-24,73,Morning
2024-03-25,**,Night
2024-03-25,**,Day
2024-03-25,**,Morning
2024-03-26,11,Night
2024-03-26,52,Morning
2024-03-26,69,Day
2024-03-27,85,Day
2024-03-27,17,Night
2024-03-27,89,Morning
2024-03-28,36,Night
2024-03-28,99,Day
2024-03-28,30,Morning
2024-03-29,15,Day
2024-03-29,78,Night
2024-03-29,21,Morning
2024-03-30,85,Morning
2024-03-30,50,Day
2024-03-30,34,Night
2024-03-31,91,Morning
2024-03-31,78,Day
2024-03-31,76,Night
2024-04-01,88,Morning
2024-04-01,43,Night
2024-04-01,7,Day
2024-04-02,9,Morning
2024-04-02,22,Day
2024-04-02,22,Night
2024-04-03,80,Night
2024-04-03,96,Morning
2024-04-03,42,Day
2024-04-04,21,Morning
2024-04-04,75,Night
2024-04-04,4,Day
2024-04-05,65,Morning
2024-04-05,72,Night
2024-04-05,2,Day
2024-04-06,26,Day
2024-04-06,14,Morning
2024-04-06,43,Night
2024-04-07,92,Night
2024-04-07,40,Morning
2024-04-07,34,Day
2024-04-08,11,Day
2024-04-08,55,Night
2024-04-08,46,Morning
2024-04-09,42,Morning
2024-04-09,69,Day
2024-04-09,62,Night
2024-04-10,14,Night
2024-04-10,56,Day
2024-04-10,20,Morning
2024-04-11,15,Day
2024-04-11,99,Morning
2024-04-11,42,Night
2024-04-12,26,Morning
2024-04-12,91,Night
2024-04-12,90,Day
2024-04-13,84,Day
2024-04-13,10,Night
2024-04-13,96,Morning
2024-04-14,92,Night
2024-04-14,96,Day
2024-04-14,78,Morning
2024-04-15,29,Night
2024-04-15,76,Day
2024-04-15,89,Morning
2024-04-16,78,Day
2024-04-16,11,Night
2024-04-16,43,Morning
2024-04-17,56,Morning
2024-04-17,38,Day
2024-04-17,19,Night
2024-04-18,51,Morning
2024-04-18,45,Night
2024-04-18,67,Day
2024-04-19,26,Morning
2024-04-19,22,Day
2024-04-19,71,Night
2024-04-20,47,Day
2024-04-20,31,Night
2024-04-20,45,Morning
2024-04-21,5,Night
2024-04-21,29,Morning
2024-04-21,42,Day
2024-04-22,83,Night
2024-04-22,54,Day
2024-04-22,51,Morning
2024-04-23,13,Day
2024-04-23,22,Morning
2024-04-23,59,Night
2024-04-24,82,Morning
2024-04-24,12,Night
2024-04-24,95,Day
2024-04-25,97,Day
2024-04-25,10,Night
2024-04-25,43,Morning
2024-04-26,9,Day
2024-04-26,90,Night
2024-04-26,83,Morning
2024-04-27,92,Night
2024-04-27,32,Morning
2024-04-27,85,Day
2024-04-28,21,Day
2024-04-28,48,Morning
2024-04-28,20,Night
2024-04-29,48,Morning
2024-04-29,38,Day
2024-04-29,53,Night
2024-04-30,44,Day
2024-04-30,53,Morning
2024-04-30,42,Night
2024-05-01,69,Day
2024-05-01,91,Morning
2024-05-01,35,Night
2024-05-02,77,Day
2024-05-02,13,Morning
2024-05-02,43,Night
2024-05-03,70,Morning
2024-05-03,10,Night
2024-05-03,85,Day
2024-05-04,66,Night
2024-05-04,82,Day
2024-05-04,90,Morning
2024-05-05,43,Night
2024-05-05,91,Morning
2024-05-05,6,Day
2024-05-06,80,Morning
2024-05-06,73,Night
2024-05-06,99,Day
2024-05-07,60,Morning
2024-05-07,34,Day
2024-05-07,77,Night
2024-05-08,22,Night
2024-05-08,45,Morning
2024-05-08,40,Day
2024-05-09,92,Night
2024-05-09,61,Morning
2024-05-09,48,Day
2024-05-10,23,Night
2024-05-10,19,Morning
2024-05-10,11,Day
2024-05-11,5,Morning
2024-05-11,52,Day
2024-05-11,42,Night
2024-05-12,17,Morning
2024-05-12,73,Night
2024-05-12,41,Day
2024-05-13,20,Morning
2024-05-13,20,Night
2024-05-13,25,Day
2024-05-14,65,Day
2024-05-14,12,Morning
2024-05-14,8,Night
2024-05-15,79,Morning
2024-05-15,22,Night
2024-05-15,82,Day
2024-05-16,58,Night
2024-05-16,45,Morning
2024-05-16,73,Day
2024-05-17,75,Morning
2024-05-17,84,Day
2024-05-17,13,Night
2024-05-18,30,Day
2024-05-18,15,Night
2024-05-18,85,Morning
2024-05-19,4,Day
2024-05-19,42,Morning
2024-05-19,55,Night
2024-05-20,24,Day
2024-05-20,82,Night
2024-05-20,81,Morning
2024-05-21,68,Night
2024-05-21,75,Morning
2024-05-21,11,Day
2024-05-22,91,Night
2024-05-22,39,Morning
2024-05-22,39,Day
2024-05-23,44,Day
2024-05-23,56,Night
2024-05-23,13,Morning
2024-05-24,51,Day
2024-05-24,77,Morning
2024-05-24,54,Night
2024-05-25,91,Day
2024-05-25,99,Morning
2024-05-25,36,Night
2024-05-26,60,Morning
2024-05-26,97,Day
2024-05-26,84,Night
2024-05-27,2,Day
2024-05-27,69,Morning
2024-05-27,74,Night
2024-05-28,65,Day
2024-05-28,1,Night
2024-05-28,76,Morning
2024-05-29,97,Night
2024-05-29,99,Morning
2024-05-29,17,Day
2024-05-30,91,Night
2024-05-30,89,Morning
2024-05-30,69,Day
2024-05-31,93,Morning
2024-05-31,58,Night
2024-05-31,59,Day
2024-06-01,80,Night
2024-06-01,30,Day
2024-06-01,67,Morning
2024-06-02,60,Day
2024-06-02,60,Night
2024-06-02,27,Morning
2024-06-03,20,Night
2024-06-03,44,Morning
2024-06-03,73,Day
2024-06-04,21,Night
2024-06-04,23,Day
2024-06-04,50,Morning
2024-06-05,87,Day
2024-06-05,85,Night
2024-06-05,40,Morning
2024-06-06,77,Night
2024-06-06,91,Day
2024-06-06,4,Morning
2024-06-07,82,Night
2024-06-07,32,Day
2024-06-07,85,Morning
2024-06-08,39,Day
2024-06-08,11,Night
2024-06-08,61,Morning
2024-06-09,86,Morning
2024-06-09,83,Day
2024-06-09,74,Night
2024-06-10,64,Night
2024-06-10,37,Morning
2024-06-10,60,Day
2024-06-11,56,Morning
2024-06-11,87,Night
2024-06-11,9,Day
2024-06-12,49,Day
2024-06-12,7,Night
2024-06-12,26,Morning
2024-06-13,47,Day
2024-06-13,51,Night
2024-06-13,79,Morning
2024-06-14,79,Day
2024-06-14,94,Night
2024-06-14,73,Morning
2024-06-15,19,Day
2024-06-15,97,Night
2024-06-15,61,Morning
2024-06-16,96,Night
2024-06-16,81,Day
2024-06-16,75,Morning
2024-06-17,10,Morning
2024-06-17,27,Night
2024-06-17,66,Day
2024-06-18,14,Night
2024-06-18,75,Morning
2024-06-18,37,Day
2024-06-19,36,Day
2024-06-19,90,Morning
2024-06-19,60,Night
2024-06-20,59,Day
2024-06-20,78,Morning
2024-06-20,68,Night
2024-06-21,27,Day
2024-06-21,30,Morning
2024-06-21,80,Night
2024-06-22,73,Day
2024-06-22,39,Morning
2024-06-22,16,Night
2024-06-23,7,Morning
2024-06-23,98,Night
2024-06-23,40,Day
2024-06-24,93,Night
2024-06-24,32,Morning
2024-06-24,82,Day
2024-06-25,49,Night
2024-06-25,82,Morning
2024-06-25,2,Day
2024-06-26,43,Night
2024-06-26,53,Morning
2024-06-26,40,Day
2024-06-27,81,Morning
2024-06-27,12,Day
2024-06-27,84,Night
2024-06-28,18,Day
2024-06-28,59,Night
2024-06-28,6,Morning
2024-06-29,93,Day
2024-06-29,37,Night
2024-06-29,20,Morning
2024-06-30,18,Day
2024-06-30,58,Night
2024-06-30,69,Morning
2024-07-01,13,Day
2024-07-01,66,Morning
2024-07-01,68,Night
2024-07-02,44,Morning
2024-07-02,29,Night
2024-07-02,16,Day
2024-07-03,1,Night
2024-07-03,79,Morning
2024-07-03,33,Day
2024-07-04,71,Morning
2024-07-04,1,Night
2024-07-04,50,Day
2024-07-05,52,Night
2024-07-05,57,Day
2024-07-05,94,Morning
2024-07-06,17,Day
2024-07-06,20,Night
2024-07-06,41,Morning
2024-07-07,15,Day
2024-07-07,49,Night
2024-07-07,29,Morning
2024-07-08,89,Morning
2024-07-08,12,Night
2024-07-08,28,Day
2024-07-09,41,Morning
2024-07-09,67,Day
2024-07-09,15,Night
2024-07-10,84,Night
2024-07-10,87,Morning
2024-07-10,7,Day
2024-07-11,42,Day
2024-07-11,82,Night
2024-07-11,38,Morning
2024-07-12,69,Night
2024-07-12,58,Day
2024-07-12,70,Morning
2024-07-13,85,Night
2024-07-13,77,Day
2024-07-13,48,Morning
2024-07-14,58,Night
2024-07-14,33,Day
2024-07-14,46,Morning
2024-07-15,30,Morning
2024-07-15,99,Day
2024-07-15,55,Night
2024-07-16,98,Night
2024-07-16,12,Day
2024-07-16,82,Morning
2024-07-17,12,Day
2024-07-17,29,Morning
2024-07-17,46,Night
2024-07-18,30,Day
2024-07-18,88,Night
2024-07-18,23,Morning
2024-07-19,10,Morning
2024-07-19,29,Night
2024-07-19,81,Day
2024-07-20,56,Day
2024-07-20,90,Night
2024-07-20,93,Morning
2024-07-21,69,Morning
2024-07-21,24,Night
2024-07-21,35,Day
2024-07-22,67,Morning
2024-07-22,40,Day
2024-07-22,52,Night
2024-07-23,30,Night
2024-07-23,19,Day
2024-07-23,64,Morning
2024-07-24,6,Day
2024-07-24,77,Morning
2024-07-24,60,Night
2024-07-25,0,Day
2024-07-25,86,Morning
2024-07-25,70,Night
2024-07-26,75,Night
2024-07-26,63,Day
2024-07-26,38,Morning
2024-07-27,44,Morning
2024-07-27,34,Night
2024-07-27,27,Day
2024-07-28,22,Night
2024-07-28,26,Day
2024-07-28,67,Morning
2024-07-29,14,Night
2024-07-29,4,Morning
2024-07-29,77,Day
2024-07-30,91,Night
2024-07-30,95,Day
2024-07-30,80,Morning
2024-07-31,98,Night
2024-07-31,83,Day
2024-07-31,11,Morning
2024-08-01,84,Night
2024-08-01,30,Day
2024-08-01,41,Morning
2024-08-02,19,Day
2024-08-02,20,Night
2024-08-02,85,Morning
2024-08-03,82,Night
2024-08-03,1,Morning
2024-08-03,14,Day
2024-08-04,39,Night
2024-08-04,9,Day
2024-08-04,17,Morning
2024-08-05,52,Night
2024-08-05,38,Morning
2024-08-05,20,Day
2024-08-06,23,Day
2024-08-06,0,Night
2024-08-06,64,Morning
2024-08-07,86,Morning
2024-08-07,6,Day
2024-08-07,57,Night
2024-08-08,90,Morning
2024-08-08,96,Night
2024-08-08,64,Day
2024-08-09,95,Morning
2024-08-09,22,Day
2024-08-09,6,Night
2024-08-10,97,Day
2024-08-10,22,Morning
2024-08-10,81,Night
2024-08-11,30,Night
2024-08-11,99,Day
2024-08-11,50,Morning
2024-08-12,21,Night
2024-08-12,57,Day
2024-08-12,36,Morning
2024-08-13,96,Night
2024-08-13,47,Day
2024-08-13,70,Morning
2024-08-14,0,Day
2024-08-14,27,Night
2024-08-14,74,Morning
2024-08-15,**,Day
2024-08-15,**,Night
2024-08-15,**,Morning
2024-08-16,36,Morning
2024-08-16,14,Day
2024-08-16,56,Night
2024-08-17,86,Morning
2024-08-17,75,Night
2024-08-17,93,Day
2024-08-18,8,Morning
2024-08-18,62,Day
2024-08-18,74,Night
2024-08-19,14,Night
2024-08-19,33,Day
2024-08-19,95,Morning
2024-08-20,92,Morning
2024-08-20,41,Day
2024-08-20,84,Night
2024-08-21,87,Day
2024-08-21,54,Morning
2024-08-21,10,Night
2024-08-22,51,Day
2024-08-22,8,Night
2024-08-22,22,Morning
2024-08-23,22,Day
2024-08-23,70,Morning
2024-08-23,38,Night
2024-08-24,98,Night
2024-08-24,80,Day
2024-08-24,32,Morning
2024-08-25,70,Day
2024-08-25,60,Night
2024-08-25,47,Morning
2024-08-26,42,Morning
2024-08-26,45,Night
2024-08-26,88,Day
2024-08-27,77,Morning
2024-08-27,68,Day
2024-08-27,56,Night
2024-08-28,4,Night
2024-08-28,11,Day
2024-08-28,2,Morning
2024-08-29,40,Night
2024-08-29,81,Day
2024-08-29,84,Morning
2024-08-30,92,Day
2024-08-30,60,Morning
2024-08-30,46,Night
2024-08-31,51,Night
2024-08-31,63,Morning
2024-08-31,65,Day
2024-09-01,8,Night
2024-09-01,43,Morning
2024-09-01,68,Day
2024-09-02,65,Night
2024-09-02,35,Morning
2024-09-02,99,Day
2024-09-03,47,Night
2024-09-03,43,Day
2024-09-03,80,Morning
2024-09-04,39,Morning
2024-09-04,75,Day
2024-09-04,81,Night
2024-09-05,74,Day
2024-09-05,53,Morning
2024-09-05,88,Night
2024-09-06,14,Night
2024-09-06,15,Morning
2024-09-06,49,Day
2024-09-07,23,Day
2024-09-07,56,Night
2024-09-07,30,Morning
2024-09-08,51,Night
2024-09-08,11,Morning
2024-09-08,73,Day
2024-09-09,0,Night
2024-09-09,17,Morning
2024-09-09,92,Day
2024-09-10,6,Night
2024-09-10,82,Day
2024-09-10,29,Morning
2024-09-11,35,Morning
2024-09-11,59,Day
2024-09-11,28,Night
2024-09-12,18,Day
2024-09-12,90,Morning
2024-09-12,50,Night
2024-09-13,54,Day
2024-09-13,90,Morning
2024-09-13,24,Night
2024-09-14,48,Morning
2024-09-14,33,Night
2024-09-14,40,Day
2024-09-15,30,Night
2024-09-15,62,Day
2024-09-15,19,Morning
2024-09-16,98,Day
2024-09-16,45,Night
2024-09-16,75,Morning
2024-09-17,50,Day
2024-09-17,62,Night
2024-09-17,1,Morning
2024-09-18,71,Night
2024-09-18,39,Day
2024-09-18,77,Morning
2024-09-19,31,Day
2024-09-19,56,Morning
2024-09-19,21,Night
2024-09-20,75,Day
2024-09-20,92,Morning
2024-09-20,71,Night
2024-09-21,65,Morning
2024-09-21,40,Night
2024-09-21,73,Day
2024-09-22,69,Day
2024-09-22,55,Morning
2024-09-22,17,Night
2024-09-23,88,Day
2024-09-23,21,Night
2024-09-23,41,Morning
2024-09-24,10,Day
2024-09-24,57,Night
2024-09-24,2,Morning
2024-09-25,6,Day
2024-09-25,90,Night
2024-09-25,41,Morning
2024-09-26,81,Morning
2024-09-26,59,Night
2024-09-26,49,Day
2024-09-27,48,Day
2024-09-27,76,Morning
2024-09-27,27,Night
2024-09-28,73,Morning
2024-09-28,30,Day
2024-09-28,60,Night
2024-09-29,37,Morning
2024-09-29,90,Day
2024-09-29,30,Night
2024-09-30,66,Morning
2024-09-30,46,Day
2024-09-30,28,Night
2024-10-01,44,Night
2024-10-01,27,Morning
2024-10-01,20,Day
2024-10-02,71,Day
2024-10-02,23,Night
2024-10-02,46,Morning
2024-10-03,57,Night
2024-10-03,30,Morning
2024-10-03,24,Day
2024-10-04,0,Day
2024-10-04,64,Night
2024-10-04,17,Morning
2024-10-05,40,Day
2024-10-05,77,Night
2024-10-05,48,Morning
2024-10-06,42,Morning
2024-10-06,74,Day
2024-10-06,36,Night
2024-10-07,6,Night
2024-10-07,61,Day
2024-10-07,18,Morning
2024-10-08,1,Morning
2024-10-08,92,Day
2024-10-08,20,Night
2024-10-09,58,Morning
2024-10-09,79,Day
2024-10-09,93,Night
2024-10-10,30,Day
2024-10-10,91,Night
2024-10-10,7,Morning
2024-10-11,78,Day
2024-10-11,65,Morning
2024-10-11,12,Night
2024-10-12,62,Morning
2024-10-12,10,Day
2024-10-12,20,Night
2024-10-13,90,Night
2024-10-13,50,Morning
2024-10-13,82,Day
2024-10-14,88,Morning
2024-10-14,60,Day
2024-10-14,78,Night
2024-10-15,74,Morning
2024-10-15,38,Night
2024-10-15,52,Day
2024-10-16,74,Morning
2024-10-16,10,Day
2024-10-16,89,Night
2024-10-17,24,Morning
2024-10-17,22,Day
2024-10-17,58,Night
2024-10-18,63,Day
2024-10-18,71,Morning
2024-10-18,44,Night
2024-10-19,18,Night
2024-10-19,60,Morning
2024-10-19,83,Day
2024-10-20,78,Day
2024-10-20,28,Morning
2024-10-20,47,Night
2024-10-21,41,Night
2024-10-21,80,Day
2024-10-21,98,Morning
2024-10-22,11,Morning
2024-10-22,34,Night
2024-10-22,8,Day
2024-10-23,39,Day
2024-10-23,40,Morning
2024-10-23,31,Night
2024-10-24,39,Day
2024-10-24,21,Night
2024-10-24,0,Morning
2024-10-25,98,Morning
2024-10-25,90,Night
2024-10-25,20,Day
2024-10-26,46,Morning
2024-10-26,32,Night
2024-10-26,47,Day
2024-10-27,90,Day
2024-10-27,24,Morning
2024-10-27,78,Night
2024-10-28,24,Morning
2024-10-28,3,Night
2024-10-28,66,Day
2024-10-29,95,Morning
2024-10-29,8,Night
2024-10-29,91,Day
2024-10-30,5,Day
2024-10-30,81,Morning
2024-10-30,99,Night
2024-10-31,18,Day
2024-10-31,96,Morning
2024-10-31,26,Night
2024-11-01,18,Day
2024-11-01,18,Morning
2024-11-01,42,Night
2024-11-02,75,Day
2024-11-02,0,Morning
2024-11-02,86,Night
2024-11-03,77,Morning
2024-11-03,33,Day
2024-11-03,35,Night
2024-11-04,70,Day
2024-11-04,81,Morning
2024-11-04,46,Night
2024-11-05,4,Night
2024-11-05,21,Day
2024-11-05,70,Morning
2024-11-06,92,Night
2024-11-06,54,Day
2024-11-06,57,Morning
2024-11-07,**,Night
2024-11-07,37,Morning
2024-11-07,54,Day
2024-11-08,34,Morning
2024-11-08,10,Day
2024-11-08,29,Night
2024-11-09,24,Day
2024-11-09,84,Night
2024-11-09,94,Morning
2024-11-10,66,Night
2024-11-10,57,Morning
2024-11-10,12,Day
2024-11-11,96,Night
2024-11-11,58,Morning
2024-11-11,77,Day
2024-11-12,23,Night
2024-11-12,4,Day
2024-11-12,99,Morning
2024-11-13,80,Morning
2024-11-13,16,Day
2024-11-13,35,Night
2024-11-14,67,Day
2024-11-14,4,Night
2024-11-14,86,Morning
2024-11-15,56,Morning
2024-11-15,10,Night
2024-11-15,97,Day
2024-11-16,18,Night
2024-11-16,94,Day
2024-11-16,8,Morning
2024-11-17,30,Morning
2024-11-17,50,Day
2024-11-17,59,Night
2024-11-18,89,Night
2024-11-18,83,Day
2024-11-18,1,Morning
2024-11-19,31,Morning
2024-11-19,99,Night
2024-11-19,30,Day
2024-11-20,16,Night
2024-11-20,73,Day
2024-11-20,53,Morning
2024-11-21,68,Night
2024-11-21,4,Morning
2024-11-21,0,Day
2024-11-22,30,Night
2024-11-22,84,Morning
2024-11-22,32,Day
2024-11-23,22,Day
2024-11-23,70,Night
2024-11-23,71,Morning
2024-11-24,87,Morning
2024-11-24,3,Day
2024-11-24,55,Night
2024-11-25,76,Morning
2024-11-25,43,Day
2024-11-25,37,Night
2024-11-26,77,Night
2024-11-26,85,Morning
2024-11-26,81,Day
2024-11-27,78,Night
2024-11-27,12,Morning
2024-11-27,61,Day
2024-11-28,14,Morning
2024-11-28,89,Day
2024-11-28,19,Night
2024-11-29,97,Day
2024-11-29,94,Night
2024-11-29,30,Morning
2024-11-30,84,Night
2024-11-30,4,Morning
2024-11-30,51,Day
2024-12-01,31,Night
2024-12-01,29,Morning
2024-12-01,17,Day
2024-12-02,59,Morning
2024-12-02,89,Night
2024-12-02,7,Day
2024-12-03,91,Morning
2024-12-03,46,Night
2024-12-03,18,Day
2024-12-04,47,Day
2024-12-04,72,Night
2024-12-04,96,Morning
2024-12-05,86,Morning
2024-12-05,22,Night
2024-12-05,8,Day
2024-12-06,69,Morning
2024-12-06,90,Night
2024-12-06,77,Day
2024-12-07,41,Morning
2024-12-07,79,Night
2024-12-07,82,Day
2024-12-08,93,Night
2024-12-08,44,Morning
2024-12-08,31,Day
2024-12-09,23,Day
2024-12-09,97,Morning
2024-12-09,20,Night
2024-12-10,95,Day
2024-12-10,48,Morning
2024-12-10,31,Night
2024-12-11,21,Day
2024-12-11,88,Morning
2024-12-11,82,Night
2024-12-12,10,Night
2024-12-12,20,Morning
2024-12-12,18,Day
2024-12-13,61,Day
2024-12-13,38,Morning
2024-12-13,15,Night
2024-12-14,92,Morning
2024-12-14,50,Night
2024-12-14,30,Day
2024-12-15,79,Night
2024-12-15,47,Morning
2024-12-15,80,Day
2024-12-16,31,Morning
2024-12-16,71,Day
2024-12-16,72,Night
2024-12-17,57,Day
2024-12-17,11,Night
2024-12-17,95,Morning
2024-12-18,48,Night
2024-12-18,45,Day
2024-12-18,87,Morning
2024-12-19,78,Night
2024-12-19,59,Morning
2024-12-19,40,Day
2024-12-20,94,Night
2024-12-20,62,Morning
2024-12-20,1,Day
2024-12-21,43,Day
2024-12-21,88,Morning
2024-12-21,90,Night
2024-12-22,34,Night
2024-12-22,50,Morning
2024-12-22,13,Day
2024-12-23,6,Night
2024-12-23,93,Day
2024-12-23,47,Morning
2024-12-24,60,Morning
2024-12-24,84,Night
2024-12-24,87,Day
2024-12-25,84,Day
2024-12-25,91,Night
2024-12-25,32,Morning
2024-12-26,30,Morning
2024-12-26,37,Day
2024-12-26,4,Night
2024-12-27,64,Day
2024-12-27,88,Night
2024-12-27,20,Morning
2024-12-28,51,Night
2024-12-28,67,Morning
2024-12-28,33,Day
2024-12-29,51,Morning
2024-12-29,77,Night
2024-12-29,17,Day
2024-12-30,99,Morning
2024-12-30,80,Night
2024-12-30,45,Day
2024-12-31,72,Night
2024-12-31,96,Day
2024-12-31,79,Morning
2025-01-01,70,Day
2025-01-01,40,Night
2025-01-01,66,Morning
2025-01-02,7,Day
2025-01-02,44,Night
2025-01-02,91,Morning
2025-01-03,20,Night
2025-01-03,47,Morning
2025-01-03,65,Day
2025-01-04,11,Night
2025-01-04,32,Morning
2025-01-04,20,Day
2025-01-05,12,Night
2025-01-05,40,Morning
2025-01-05,62,Day
2025-01-06,61,Day
2025-01-06,60,Night
2025-01-06,27,Morning
2025-01-07,99,Night
2025-01-07,60,Morning
2025-01-07,11,Day
2025-01-08,46,Day
2025-01-08,4,Morning
2025-01-08,37,Night
2025-01-09,91,Morning
2025-01-09,79,Night
2025-01-09,36,Day
2025-01-10,28,Morning
2025-01-10,51,Day
2025-01-10,23,Night
2025-01-11,83,Day
2025-01-11,73,Night
2025-01-11,85,Morning
2025-01-12,84,Morning
2025-01-12,1,Day
2025-01-12,90,Night
2025-01-13,49,Day
2025-01-13,57,Morning
2025-01-13,3,Night
2025-01-14,75,Night
2025-01-14,17,Day
2025-01-14,82,Morning
2025-01-15,27,Day
2025-01-15,66,Morning
2025-01-15,6,Night
2025-01-16,65,Night
2025-01-16,39,Morning
2025-01-16,23,Day
2025-01-17,30,Night
2025-01-17,84,Morning
2025-01-17,30,Day
2025-01-18,75,Morning
2025-01-18,13,Day
2025-01-18,95,Night
2025-01-19,12,Day
2025-01-19,41,Morning
2025-01-19,25,Night
2025-01-20,92,Day
2025-01-20,61,Morning
2025-01-20,13,Night
2025-01-21,11,Morning
2025-01-21,40,Night
2025-01-21,70,Day
2025-01-22,82,Night
2025-01-22,89,Day
2025-01-22,68,Morning
2025-01-23,52,Night
2025-01-23,2,Day
2025-01-23,71,Morning
2025-01-24,12,Day
2025-01-24,39,Morning
2025-01-24,50,Night
2025-01-25,69,Day
2025-01-25,35,Morning
2025-01-25,94,Night
2025-01-26,**,Day
2025-01-26,**,Morning
2025-01-26,**,Night
2025-01-27,17,Night
2025-01-27,5,Day
2025-01-27,99,Morning
2025-01-28,13,Day
2025-01-28,65,Night
2025-01-28,15,Morning
2025-01-29,90,Morning
2025-01-29,55,Day
2025-01-29,20,Night
2025-01-30,70,Morning
2025-01-30,33,Day
2025-01-30,61,Night
2025-01-31,31,Night
2025-01-31,95,Day
2025-01-31,68,Morning
2025-02-01,91,Day
2025-02-01,20,Night
2025-02-01,9,Morning
2025-02-02,88,Day
2025-02-02,1,Morning
2025-02-02,95,Night
2025-02-03,49,Day
2025-02-03,84,Morning
2025-02-03,41,Night
2025-02-04,89,Day
2025-02-04,83,Morning
2025-02-04,37,Night
2025-02-05,75,Day
2025-02-05,40,Morning
2025-02-05,43,Night
2025-02-06,59,Night
2025-02-06,94,Morning
2025-02-06,31,Day
2025-02-07,52,Day
2025-02-07,98,Night
2025-02-07,71,Morning
2025-02-08,44,Morning
2025-02-08,54,Night
2025-02-08,57,Day
2025-02-09,7,Day
2025-02-09,20,Night
2025-02-09,62,Morning
2025-02-10,41,Day
2025-02-10,99,Night
2025-02-10,54,Morning
2025-02-11,31,Night
2025-02-11,1,Day
2025-02-11,65,Morning
2025-02-12,87,Night
2025-02-12,44,Day
2025-02-12,62,Morning
2025-02-13,25,Morning
2025-02-13,65,Day
2025-02-13,17,Night
2025-02-14,11,Night
2025-02-14,76,Morning
2025-02-14,9,Day
2025-02-15,78,Night
2025-02-15,20,Morning
2025-02-15,19,Day
2025-02-16,4,Day
2025-02-16,87,Morning
2025-02-16,81,Night
2025-02-17,29,Night
2025-02-17,80,Day
2025-02-17,7,Morning
2025-02-18,22,Day
2025-02-18,55,Night
2025-02-18,8,Morning
2025-02-19,84,Night
2025-02-19,86,Day
2025-02-19,30,Morning
2025-02-20,64,Morning
2025-02-20,99,Day
2025-02-20,39,Night
2025-02-21,35,Night
2025-02-21,82,Morning
2025-02-21,82,Day
2025-02-22,89,Night
2025-02-22,39,Morning
2025-02-22,32,Day
2025-02-23,79,Day
2025-02-23,43,Night
2025-02-23,31,Morning
2025-02-24,78,Morning
2025-02-24,65,Night
2025-02-24,46,Day
2025-02-25,99,Day
2025-02-25,58,Night
2025-02-25,76,Morning
2025-02-26,57,Night
2025-02-26,83,Morning
2025-02-26,71,Day
2025-02-27,8,Morning
2025-02-27,29,Night
2025-02-27,2,Day
2025-02-28,32,Night
2025-02-28,15,Morning
2025-02-28,92,Day
2025-03-01,20,Morning
2025-03-01,58,Day
2025-03-01,39,Night
2025-03-02,60,Night
2025-03-02,62,Day
2025-03-02,60,Morning
2025-03-03,79,Night
2025-03-03,11,Day
2025-03-03,22,Morning
2025-03-04,36,Night
2025-03-04,64,Morning
2025-03-04,41,Day
2025-03-05,42,Morning
2025-03-05,77,Day
2025-03-05,17,Night
2025-03-06,61,Day
2025-03-06,52,Night
2025-03-06,82,Morning
2025-03-07,79,Morning
2025-03-07,17,Night
2025-03-07,86,Day
2025-03-08,31,Day
2025-03-08,98,Morning
2025-03-08,54,Night
2025-03-09,67,Day
2025-03-09,15,Night
2025-03-09,74,Morning
2025-03-10,70,Night
2025-03-10,37,Day
2025-03-10,8,Morning
2025-03-11,42,Night
2025-03-11,91,Day
2025-03-11,69,Morning
2025-03-12,99,Night
2025-03-12,22,Day
2025-03-12,75,Morning
2025-03-13,20,Night
2025-03-13,21,Day
2025-03-13,9,Morning
2025-03-14,**,Day
2025-03-14,**,Morning
2025-03-14,**,Night
2025-03-15,47,Night
2025-03-15,62,Morning
2025-03-15,79,Day
2025-03-16,12,Morning
2025-03-16,95,Day
2025-03-16,38,Night
2025-03-17,91,Morning
2025-03-17,76,Day
2025-03-17,60,Night
2025-03-18,14,Day
2025-03-18,93,Morning
2025-03-18,88,Night
2025-03-19,4,Day
2025-03-19,46,Morning
2025-03-19,69,Night
2025-03-20,47,Day
2025-03-20,26,Night
2025-03-20,78,Morning
2025-03-21,55,Night
2025-03-21,19,Morning
2025-03-21,83,Day
2025-03-22,40,Night
2025-03-22,86,Morning
2025-03-22,30,Day
2025-03-23,81,Night
2025-03-23,58,Day
2025-03-23,84,Morning
2025-03-24,45,Night
2025-03-24,31,Morning
2025-03-24,67,Day
2025-03-25,24,Night
2025-03-25,38,Day
2025-03-25,75,Morning
2025-03-26,27,Day
2025-03-26,18,Morning
2025-03-26,17,Night
2025-03-27,18,Morning
2025-03-27,78,Night
2025-03-27,54,Day
2025-03-28,97,Night
2025-03-28,95,Day
2025-03-28,40,Morning
2025-03-29,22,Night
2025-03-29,90,Day
2025-03-29,95,Morning
2025-03-30,97,Night
2025-03-30,40,Morning
2025-03-30,61,Day
2025-03-31,48,Day
2025-03-31,70,Morning
2025-03-31,9,Night
2025-04-01,7,Morning
2025-04-01,3,Night
2025-04-01,80,Day
2025-04-02,25,Day
2025-04-02,37,Night
2025-04-02,49,Morning
2025-04-03,41,Night
2025-04-03,10,Morning
2025-04-03,87,Day
2025-04-04,91,Night
2025-04-04,93,Day
2025-04-04,68,Morning
2025-04-05,95,Morning
2025-04-05,85,Night
2025-04-05,79,Day
2025-04-06,37,Morning
2025-04-06,53,Night
2025-04-06,55,Day
2025-04-07,87,Morning
2025-04-07,88,Night
2025-04-07,59,Day
2025-04-08,30,Morning
2025-04-08,72,Day
2025-04-08,19,Night
2025-04-09,69,Morning
2025-04-09,81,Night
2025-04-09,33,Day
2025-04-10,29,Morning
2025-04-10,98,Night
2025-04-10,42,Day
2025-04-11,29,Morning
2025-04-11,22,Night
2025-04-11,34,Day
2025-04-12,61,Morning
2025-04-12,95,Night
2025-04-12,31,Day
2025-04-13,49,Night
2025-04-13,1,Day
2025-04-13,98,Morning
2025-04-14,12,Day
2025-04-14,65,Night
2025-04-14,92,Morning
2025-04-15,12,Night
2025-04-15,11,Day
2025-04-15,75,Morning
2025-04-16,50,Day
2025-04-16,58,Night
2025-04-16,76,Morning
2025-04-17,94,Day
2025-04-17,46,Night
2025-04-17,1,Morning
2025-04-18,47,Night
2025-04-18,52,Morning
2025-04-18,84,Day
2025-04-19,79,Day
2025-04-19,12,Morning
2025-04-19,82,Night
2025-04-20,70,Morning
2025-04-20,81,Day
2025-04-20,12,Night
2025-04-21,91,Morning
2025-04-21,96,Night
2025-04-21,24,Day
2025-04-22,69,Night
2025-04-22,74,Day
2025-04-22,58,Morning
2025-04-23,4,Night
2025-04-23,74,Morning
2025-04-23,80,Day
2025-04-24,68,Morning
2025-04-24,30,Night
2025-04-24,57,Day
2025-04-25,2,Day
2025-04-25,74,Morning
2025-04-25,86,Night
2025-04-26,54,Morning
2025-04-26,24,Day
2025-04-26,31,Night
2025-04-27,15,Morning
2025-04-27,38,Day
2025-04-27,52,Night
2025-04-28,40,Night
2025-04-28,11,Morning
2025-04-28,9,Day
2025-04-29,31,Morning
2025-04-29,10,Night
2025-04-29,78,Day
2025-04-30,12,Night
2025-04-30,4,Day
2025-04-30,34,Morning
2025-05-01,64,Night
2025-05-01,89,Day
2025-05-01,0,Morning
2025-05-02,98,Day
2025-05-02,82,Morning
2025-05-02,31,Night
2025-05-03,30,Morning
2025-05-03,70,Day
2025-05-03,19,Night
2025-05-04,28,Morning
2025-05-04,57,Day
2025-05-04,89,Night
2025-05-05,40,Day
2025-05-05,24,Night
2025-05-05,20,Morning
2025-05-06,47,Night
2025-05-06,97,Morning
2025-05-06,24,Day
2025-05-07,**,Night
2025-05-07,28,Morning
2025-05-07,52,Day
2025-05-08,75,Morning
2025-05-08,84,Night
2025-05-08,60,Day
2025-05-09,89,Morning
2025-05-09,22,Day
2025-05-09,59,Night
2025-05-10,58,Morning
2025-05-10,62,Day
2025-05-10,50,Night
2025-05-11,94,Morning
2025-05-11,38,Day
2025-05-11,78,Night
2025-05-12,12,Day
2025-05-12,55,Morning
2025-05-12,49,Night
2025-05-13,66,Morning
2025-05-13,10,Night
2025-05-13,53,Day
2025-05-14,81,Night
2025-05-14,11,Day
2025-05-14,60,Morning
2025-05-15,97,Morning
2025-05-15,83,Day
2025-05-15,33,Night
2025-05-16,93,Day
2025-05-16,99,Night
2025-05-16,21,Morning
2025-05-17,84,Night
2025-05-17,15,Morning
2025-05-17,69,Day
2025-05-18,89,Morning
2025-05-18,3,Day
2025-05-18,10,Night
2025-05-19,38,Morning
2025-05-19,79,Day
2025-05-19,73,Night
2025-05-20,91,Morning
2025-05-20,16,Day
2025-05-20,40,Night
2025-05-21,59,Morning
2025-05-21,52,Day
2025-05-21,68,Night
2025-05-22,26,Morning
2025-05-22,52,Night
2025-05-22,93,Day
2025-05-23,85,Morning
2025-05-23,81,Day
2025-05-23,7,Night
2025-05-24,69,Morning
2025-05-24,46,Day
2025-05-24,67,Night
2025-05-25,51,Night
2025-05-25,69,Morning
2025-05-25,2,Day
2025-05-26,99,Night
2025-05-26,9,Morning
2025-05-26,14,Day
2025-05-27,85,Morning
2025-05-27,90,Day
2025-05-27,17,Night
2025-05-28,46,Day
2025-05-28,20,Morning
2025-05-28,97,Night
2025-05-29,59,Morning
2025-05-29,55,Day
2025-05-29,63,Night
2025-05-30,50,Night
2025-05-30,12,Morning
2025-05-30,22,Day
2025-05-31,48,Day
2025-05-31,12,Morning
2025-05-31,93,Night
2025-06-01,7,Night
2025-06-01,36,Morning
2025-06-01,90,Day
2025-06-02,51,Night
2025-06-02,83,Morning
2025-06-02,66,Day
2025-06-03,37,Morning
2025-06-03,80,Day
2025-06-03,33,Night
2025-06-04,68,Day
2025-06-04,9,Night
2025-06-04,22,Morning
2025-06-05,60,Morning
2025-06-05,11,Night
2025-06-05,19,Day
2025-06-06,92,Night
2025-06-06,71,Day
2025-06-06,64,Morning
2025-06-07,30,Night
2025-06-07,40,Morning
2025-06-07,76,Day
2025-06-08,19,Night
2025-06-08,27,Morning
2025-06-08,43,Day
2025-06-09,17,Night
2025-06-09,0,Morning
2025-06-09,9,Day
2025-06-10,2,Night
2025-06-10,93,Morning
2025-06-10,59,Day
2025-06-11,10,Day
2025-06-11,47,Night
2025-06-11,81,Morning
2025-06-12,96,Day
2025-06-12,39,Morning
2025-06-12,9,Night
2025-06-13,80,Day
2025-06-13,19,Morning
2025-06-13,30,Night
2025-06-14,93,Day
2025-06-14,34,Morning
2025-06-14,21,Night
2025-06-15,6,Day
2025-06-15,48,Night
2025-06-15,80,Morning
2025-06-16,62,Morning
2025-06-16,83,Day
2025-06-16,8,Night
2025-06-17,4,Morning
2025-06-17,77,Day
2025-06-17,42,Night
2025-06-18,11,Night
2025-06-18,11,Morning
2025-06-18,8,Day
2025-06-19,66,Morning
2025-06-19,42,Night
2025-06-19,40,Day
2025-06-20,84,Morning
2025-06-20,66,Day
2025-06-20,97,Night
2025-06-21,98,Day
2025-06-21,92,Night
2025-06-21,56,Morning
2025-06-22,81,Night
2025-06-22,26,Day
2025-06-22,38,Morning
2025-06-23,70,Night
2025-06-23,91,Day
2025-06-23,84,Morning
2025-06-24,32,Night
2025-06-24,3,Day
2025-06-24,36,Morning
2025-06-25,37,Day
2025-06-25,54,Morning
2025-06-25,5,Night
2025-06-26,80,Day
2025-06-26,94,Night
2025-06-26,3,Morning
2025-06-27,82,Morning
2025-06-27,38,Day
2025-06-27,37,Night
2025-06-28,6,Morning
2025-06-28,73,Day
2025-06-28,54,Night
2025-06-29,85,Night
2025-06-29,32,Morning
2025-06-29,75,Day
2025-06-30,61,Day
2025-06-30,93,Night
2025-06-30,99,Morning
2025-07-01,48,Night
2025-07-01,**,Day
2025-07-01,69,Morning
2025-07-02,82,Day
2025-07-02,62,Night
2025-07-02,80,Morning
2025-07-03,78,Morning
2025-07-03,43,Day
2025-07-03,4,Night
2025-07-04,28,Night
2025-07-04,74,Day
2025-07-04,7,Morning
2025-07-05,59,Morning
2025-07-05,88,Night
2025-07-05,40,Day
2025-07-06,55,Night
2025-07-06,31,Day
2025-07-06,75,Morning
2025-07-07,70,Day
2025-07-07,81,Morning
2025-07-07,45,Night
2025-07-08,20,Morning
2025-07-08,51,Night
2025-07-08,12,Day
2025-07-09,23,Night
2025-07-09,98,Day
2025-07-09,63,Morning
2025-07-10,71,Night
2025-07-10,84,Morning
2025-07-10,22,Day
2025-07-11,70,Day
2025-07-11,47,Night
2025-07-11,28,Morning
2025-07-12,71,Morning
2025-07-12,56,Night
2025-07-12,53,Day
2025-07-13,29,Morning
2025-07-13,65,Day
2025-07-13,37,Night
2025-07-14,74,Morning
2025-07-14,6,Day
2025-07-14,38,Night
2025-07-15,87,Night
2025-07-15,6,Morning
2025-07-15,92,Day
2025-07-16,27,Morning
2025-07-16,85,Night
2025-07-16,58,Day
2025-07-17,18,Morning
2025-07-17,8,Day
2025-07-17,3,Night
2025-07-18,46,Night
2025-07-18,74,Morning
2025-07-18,44,Day
2025-07-19,19,Night
2025-07-19,99,Morning
2025-07-19,58,Day
2025-07-20,90,Night
2025-07-20,5,Morning
2025-07-20,8,Day
2025-07-21,44,Day
2025-07-21,9,Night
2025-07-21,78,Morning
2025-07-22,38,Morning
2025-07-22,58,Day
2025-07-22,90,Night
2025-07-23,65,Night
2025-07-23,93,Morning
2025-07-23,72,Day
2025-07-24,71,Morning
2025-07-24,45,Day
2025-07-24,74,Night
2025-07-25,15,Day
2025-07-25,26,Night
2025-07-25,31,Morning
2025-07-26,12,Day
2025-07-26,47,Morning
2025-07-26,25,Night
2025-07-27,17,Night
2025-07-27,21,Day
2025-07-27,42,Morning
2025-07-28,2,Day
2025-07-28,93,Morning
2025-07-28,21,Night
2025-07-29,76,Morning
2025-07-29,54,Night
2025-07-29,65,Day
2025-07-30,92,Night
2025-07-30,20,Day
2025-07-30,5,Morning
2025-07-31,4,Morning
2025-07-31,41,Day
2025-07-31,79,Night
2025-08-01,69,Night
2025-08-01,94,Day
2025-08-01,41,Morning
2025-08-02,56,Night
2025-08-02,35,Morning
2025-08-02,40,Day
2025-08-03,96,Day
2025-08-03,14,Night
2025-08-03,90,Morning
2025-08-04,15,Day
2025-08-04,26,Night
2025-08-04,70,Morning
2025-08-05,43,Night
2025-08-05,30,Morning
2025-08-05,58,Day
2025-08-06,24,Day
2025-08-06,3,Night
2025-08-06,87,Morning
2025-08-07,32,Morning
2025-08-07,42,Day
2025-08-07,7,Night
2025-08-08,71,Morning
2025-08-08,34,Night
2025-08-08,24,Day
2025-08-09,23,Morning
2025-08-09,77,Day
2025-08-09,69,Night
